id,text,type
1,"Io sono finita dalla psicologa. Siciliana, mi trasferisco in Emilia ma perdo il lavoro. Per ora posso permettermi di stare in casa. Credo di essere il male ai loro occhi, la cosa mi √® stata fatta notare pi√π volte. Alla fine ho raggiunto, con l'aiuto della psico, il nirvana dello sticazzi.
Ho sempre odiato il non essere qualificata come persona ma come insieme di competenze. Lo stesso lavoro, a mio avviso, √® fattibile in modi diversi da persone diverse. Dopo la fabbrica sto tornando all'insegnamento.",1
2,"Odio il lavoro perch√© √® sfruttamento normalizzato e/o legalizzato. 
Da anni lavoro stagionalmente  in uno stabilimento balneare/ristorante a conduzione famigliare, con contratto e buste paga fittizie, le 10 ore di lavoro al giorno per tutti i giorni della settimana si trasformano in un rapporto di lavoro intermittente con al massimo 10 ore a settimana segnate in busta paga, tutto il resto a nero. Avrei molto altro da aggiungere sulle condizioni lavorative ma gi√† questo rende l‚Äôidea.  Per√≤ devo ritenermi fortunata perch√© almeno ho un contratto e c‚Äô√® comunque di peggio, in pi√π quando sono a lavoro posso consumare quello che voglio senza dover pagare.  
Odio il lavoro perch√© la narrazione del ‚Äúsiamo come una famiglia qui‚Äù √® una forma di ricatto e mi impedisce di odiare apertamente i miei datori di lavoro.",1
3,"Tutte le mattine che mi sveglio per andare a lavoro vorrei licenziarmi, da almeno un anno.",2
4,Sono costretta a lavorare sabato e domenica. Ho gli attacchi di panico prima di attaccare in turno e piango in continuazione. Mi fa schifo tutto del mio lavoro. Tutto. L'unico motivo per cui non ho ancora avuto il coraggio di lasciarlo √® che nessuno paga lo stesso stipendio per le ore che faccio con il contratto del commercio.,1
5,"Perche odio il mio lavoro? Se non avessi il problema di dover guadagnare abbastanza per sostenere le spese di tutti i giorni farei tutt'altro nella vita, o almeno un part time che mi consentisse di coltivare mie vere passioni.",1
6,"Lavoro da quasi 10 anni nello stesso posto full time, 40 ore settimanali e sempre pi√π responsabilit√†. Ovviamente stipendio minimo, contratto in cooperativa (ne ho cambiate 3 in questi anni)a tempo determinato a 20 ore settimanali e quando questo mese dopo l'ennesimo rinnovo ho chiesto di cambiare a 40 ore settimanali mi sono sentita rispondere : ""ma che ti cambia?"" E sono la pi√π fortunata qui, i miei colleghi lavorano circa 60 ore settimanali, stipendio pi√π basso del mio e vengono pure trattati dai capi come se gli stessero facendo un favore a farli lavorare. Veniamo tutti trattati cos√¨. Ti vogliono convincere che lavorare sia diventato un privilegio per pochi  non pi√π un diritto di tutti.",1
7,"Sono specializzando in medicina d'urgenza, quindi lavoro spesso in PS. La filosofia diffusa √® che il grado di stress non ha un vero tetto massimo, tutto √® concesso: turni massacranti, scarse risorse, troppi pazienti per pochi medici. Questo in un qualsiasi altro settore farebbe smuovere un po' i lavoratori, mentre qua siamo chiusi nella politica del ""√® sempre stato cos√¨"" e quindi dobbiamo accettare sia di avere un lavoro difficile (oltre a quanto sia gi√† impegnativo di base) che rovina anche la nostra vita extra lavorativa. 
Aggiungici che siamo considerati ""privilegiati"" quindi ogni pretesa √® vista come capriccio.
Io faccio questo lavoro perch√© mi piace ma trovo sempre pi√π difficile difendere la mia identit√† di persona extra lavoro. E questo quando ancora nemmeno sono specialista.
Questo anno le borse di specializzazione per questo settore sono andate per la met√† vuote. I motivi sono in parte dentro quello che ti ho gi√† esposto. 
Insomma secondo la narrazione generale sono privilegiato, ho scelto una vita che non pu√≤ che essere devastante per me e chi √® parte della mia famiglia e avere turni stremanti √® una medaglia da portare orgoglioso perch√© denota che ci tengo.",1
8,"Ho passato anni a respirare veleno per far ricche le multinazionali. Ora sono un libero professionista e ho seguito la mia passione. Faccio quello che per me √® il lavoro pi√π bello del mondo. 
Ma il passaggio √® stato devastante, la critica collettiva mi dava del pazzo, e ci si finiva per crederci. Bisogna avere coraggio di rischiare. Per forza. Altrimenti si muore dentro",1
9,"Odio il mio lavoro. Ho 25 anni e lavoro in [CENSURED] come operaio di manutenzione treni. Ho un contratto a tempo indeterminato, lavoro su tre turni con uno stipendio di 1400-1500 euro al mese puntuale ogni 27 del mese. Una stabilit√† non indifferente per la mia et√†.
Tutto questo, questa stabilit√† quasi surreale per chi della mia generazione, in realt√† mi mette tanta angoscia, ed √® questa stabilit√† che non mi permette di lasciare il lavoro, che mi rende difficile provare a fare questa scelta. Non sono felice di avere un contratto di lavoro a tempo indeterminato in questo posto. Io soffro molto qui.

Ho iniziato a lavorare a vent‚Äôanni, lavoravo in un‚Äôazienda che mi faceva fare anche 9 notti di fila, ero completamente in balia dei miei genitori, per loro √® normale fare ci√≤ che dice il padrone in fabbrica. Entrambi hanno lavorato come operai in fabbrica, mio padre per pi√π di quarant‚Äôanni, mentre mia madre per vent‚Äôanni.
Quando √® arrivato il contratto in [CENSURED], tre anni fa, sembrava l‚Äôevento della vita, figuriamoci per i miei genitori che mi hanno spinto solo e da sempre ad ottenere quello.
Eppure proprio in [CENSURED] sono iniziati i miei primi disagi, i miei primi sentimenti antilavoristi, inizialmente legato alla tipologia di lavoro  che proprio non mi piaceva. Per rimediare ho iniziato a studiare storia all'universit√†, per fare una cosa che davvero potesse piacermi e per compensare il vuoto che il lavoro mi dava. Devo ancora finire la triennale, se tutto va bene dovrei finire a luglio di prossimo anno. Ma quest‚Äôanno √® stato difficile.
√à stato difficile perch√© quel sentimento generico di antilavoro, generato forse anche dalla mia curiosit√† del mondo della xenoleft e sicuramente per un lavoro manuale non di mio gradimento, si √® trasformato in un sentimento molto pi√π personale e difficile.

Ad inizio 2021 ho dovuto fare i conti con una riattivazione di un trauma infantile, legato a degli abusi sessuali subiti durante la mia infanzia e pre adolescenza da un amico di famiglia. Non affrontare il problema, per via dello stigma e tab√π negli anni mi ha portato ad un incredibile paura di espormi, e alla soglia di 25 anni ho dovuto da solo sbrogliarmi di dosso molte cose.
Tutto questo √® anche correlato alla mia condizione di profondo malessere a lavoro. 
Il mio non espormi ha condizionato gran parte delle mie scelte nella vita.
Ora mi ritrovo qui, nella speranza di poter riuscire a finire la triennale come unica speranza per poter scappare. Mi ritrovo ogni giorno a dover avere tanta ansia ad andare a lavoro, a dover sopportare l‚Äôambiente tossico all‚Äôinterno dell‚Äôofficina, fatto di persone misogine, razziste ed omofobe, ed ogni parola pronunciata da loro mi pesa tantissimo essendo un ragazzo omosessuale.
Mi sento ingabbiato per avere un contratto a tempo indeterminato, questa stabilit√† che mi blocca ancora. ma sono consapevole che non avendo spalle coperte non posso lasciare questo lavoro prima di trovare altro. Eppure vorrei un slancio, desidero tantissimo compiere il mio atto pi√π grande nell‚Äôespormi: prendere la decisione di lasciare un posto di lavoro che mi sta facendo tanto male.",1
10,"Odio la ripetitivit√†,  non poter prendere parte alle decisioni perch√© c'√® sempre qualcuno pi√π in alto che decide, non poter regolare il carico di lavoro in base alle mie energie, essere valutata a fine anno (le valutazioni hanno la pretesa di riguardare solo l'ambito lavorativo,  ma √® facilissimo scivolare nel personale).",1
11,"Lo odio perch√© √® la perfetta rappresentazione di tutto ci√≤ che c'√® di male nel mondo del lavoro. Lavoro in un'azienda che si occupa di servizi bancari, quindi sostituisco ci√≤ che prima veniva fatto in filiale e che ora invece viene esternalizzato.
Lo odio per svariati motivi:

1) per fare il mio stesso lavoro in banca prendono almeno 500 euro in pi√π, quindi per tagliare i costi le banche esternalizzano, non assumono e mandando in prepensionamento i dipendenti.
2) ho un contratto come fotolaboratore, ovvero chi fa scansioni a PC, in realt√† faccio finanziamenti e successioni per 3 tra le pi√π importanti banche italiane.
3) come se tutto ci√≤ non bastasse lavoro in collaborazione (o meglio subordinazione) con [CENSURED], che credo sia stata fondata da satana in persona. Devo quindi prendere ordini, dalla mia azienda, da [CENSURED] e dalla banca.
4) ho chiesto un permesso in un anno e me l'hanno negato per paura di dover comunicare al cliente che un dipendente aveva chiesto un permesso.
5) dopo mesi di rinnovi  tra cui uno di 14 giorni, visto che a quanto pare sono bravo ho ottenuto l' inderterminato. Sorpresa delle sorprese, la condizione di privilegiato all'interno dell'attuale societ√†, dovuta al fatto di avere l indetermianto, costa cara in termini monetari. 100 euro in meno al mese rispetto a ci√≤ che prendevo con agenzia, in cambio di una sicurezza di schiavit√π a vita. Totale 1200 motivi mensili per odiare il mio lavoro.",1
12,"Perch√© mi dicono che √® una vocazione (ambito sanitario) e quindi bisogna farsi andare bene 10 se non pi√π ore al giorno di lavoro (pagati solo per 7, gli straordinari non ci sono in specializzazione), sacrificando tutto il resto (compresa la salute mentale e fisica).",1
13,"Questi messaggi mi confortano da una parte, sento di non essere sola, ma mi terrorizzano dall'altra. √à disumano, non √® vivere cos√¨.",2
14,"Quest‚Äôultimo punto mi ha fatto piangere: ho lasciato dopo 15 anni il mio lavoro, il mio primo lavoro. Ormai era una situazione tossica, ero stata presa di mira e, presa dall‚Äôansia, sbagliavo sempre di pi√π. Ora sono stata dipinta come il nemico pubblico e chi vuole contattarmi lo deve fare di nascosto. Era per me una famiglia, ora sono orfana.",1
15,"28 anni, architetta: lavoro tanto (a volte anche sabato e domenica) in nero e guadagno poco. Battute continue del tipo ""certo che non riesci a finire il lavoro, tu la notte dormi anzich√© lavorare"". Facciamo solo bonus, lavori che non sono ne creativi, ne stimolanti, ne imparo cose nuove. Ogni occasione √® buona per sminuire le mie competenze appellandosi all mia et√† al fatto che sono giovane, sembra quasi una colpa.",1
16,Perch√© sembra che la tua dignit√† e valore dipendano solo da quello.,2
17,"Io sono convinta che nella cultura generale si sia sviluppato forse una specie di malinteso in questo senso.
Un po' come nelle traduzioni della Bibbia, gli aforismi, essendo brevi e concisi, possono essere vittime di malintesi e abusi di significato, per il semplice fatto che spesso utilizzano parole che possono avere sfumature di sigificato diverse, senza essere meticolosamente precisi. Non √® tanto il lavoro (quello in cui ti pagano, in cui dipendi da ordini e opinioni altrui, quello in cui hai un contratto) a nobilitare l' essere umano.
Bisogna cominciare a cambiare forse il termine lavoro con qualcos' altro, perch√© a nobilitare l' essere umano √® qualsiasi attivit√† che risveglia emozioni in noi. √à per questo che si dice ""che spesso ci sentiamo stanchi non perch√© abbiamo fatto troppo ma perch√© abbiamo fatto troppo poco di quello che ha risvegliato un' emozione in noi, una luce"" un senso quindi.",1
18,"Nessuna area break, aria malsana, open space che non permettono di concentrarsi, razzismo/omofobia dilagante (si utilizza la frase ‚Äúquesta cosa mi sta facendo diventare gay‚Äù per descrivere una difficolt√†), nessuna fiducia nello smart working e ambiente tossico dove √® sempre colpa dell‚Äôaltro e c‚Äô√® uno continuo sparlare‚Ä¶ poi ci si chiede perch√® lo smart working possa essere in parte una soluzione a tutto questo malessere.",1
19,"Nei giorni in cui lavoro, lavoro e basta, questo mi porta ad essere sopraffatta dai ritmi di lavoro e dai discorsi dell'ufficio e dei colleghi anche quando stacco e vorrei fare qualcosa per me. Da quando ho iniziato a lavorare riesco a leggere dei libri solo quando sono in ferie ad esempio. Il tempo libero √® utilizzato esclusivamente per riprendersi dalla stanchezza del lavoro.",1
20,"Privazione di tempo, salario uguale da
11 anni non adeguato al costo della vita. Se la risposta alla richiesta di un aumento √® stata no anni fa, figuriamoci post covid con lavoro raddoppiato a causa di tagli di costi su ogni tipo di servizio di supporto, comprese le pulizie. salari inferiori a quelli dei colleghi uomini e ai miei superiori (gap immenso e senza senso). La colpevolizzazione nel chiedere di poter usifruire dei miei diritti di lavoratrice.l‚Äôetica del vivere per il lavoro e la mancanza di limiti tra il lavoro e la vita privata (email inviate alle 10 di sera, telefonate nel giorno libero e il dover di fatto lavorare fuori dall‚Äôorario perch√© il troppo e disorganizzato lavoro non ti permettere adempiere a tutte le task nella normale giornata lavorativa).",1
21,"Al momento faccio l'insegnante alle superiori, sono fortunato e questo lavoro lo amo. Ho per√≤ passato anche qualche esperienza in azienda, e l√¨ non √® che un altro nome della schiavit√π. In un posto avevo un contratto senza orari e pretendevano che rispettassi gli orari degli altri: ribellato. Altro posto: i rapporti sono malsani, la realt√† √® distorta, √® tutto orientato a mantenere la schiavit√π come tale. Ad un certo punto stavo male ogni mattina appena sveglio: me ne sono andato poco dopo.",1
22,"In termini generali il lavoro impegna gran parte del tempo a disposizione di una persona lasciando pochissimo tempo e soprattutto energie da dedicare alle proprie passioni o alla propria formazione personale (se togli il tempo in cui lavori e quello necessario a ‚Äúricaricare le pile‚Äù sia a fine giornata, sia nel weekend, di tempo ne rimane davvero poco).",1
23,"Vi ringrazio per aver aperto uno spazio di confronto su questo argomento, √® bello poterne parlare senza essere additati come pigri o persone con poca voglia di lavorare o ancora persone non disposte a fare dei sacrifici, quindi grazie!",1
24,"Faccio la prof universitaria, sono in una posizione molto privilegiata perche guadagno bene, ma ho un contratto a tempo fino a che non ottengo la ""tenure"" e per ottenerla gli standard sono molto alti, molto stressante, questo ora che ho 34 anni e sto cercando di crearmi una famiglia‚Ä¶ certi giorni vorrei esplodere. Ma cerco di non lamentarmi perche so che in altre universit√† in Italia si guadagna un quinto rispetto a quanto percepisco attualmente, in generale il lavoro in italia non √® ben remunerato.",1
25,Ho colleghe umanamente inaridite dalle logiche consumistiche e dello star system. Fanno e dicono cose di cui non si pu√≤ non rimanere sconvolti. Penso ogni giorno al fatto che non voglio essere l‚Äôartefice di comportamenti indirizzati alla smania dell‚Äôacquisto compulsivo.,1
26,"Sono una studentessa che lavora part time in una profumeria. Sono laureata in lingue e sto facendo una magistrale in scienze politiche, questo per dire che non √® un lavoro che sento mio, ma mi trovo abbastanza bene. Quello che mi d√† fastidio principalmente √® l'atteggiamento delle mie colleghe nei confronti dei clienti, come se ci fossero clienti di serie A e clienti di serie B. Il cliente di serie A √® quello che ha intenzione di comprare merce costosa e dunque da loro viene assistito e lusingato. Il cliente di serie B √® quello che ha un budget limitato o comunque preferisce qualcosa di economico e anche solo la sua presenza sembra infastidire le mie colleghe, che  spesso lo criticano e non lo assistono o lo assistono in maniera sbrigativa. Trovo profondamente ingiusta questa differenziazione.
Inoltre non √® un lavoro che sento mio perch√© consiste letteralmente nel convincere le persone a spendere soldi per qualcosa di cui non hanno davvero bisogno e sento che sto contribuendo ad alimentare un consumismo e un capitalismo che ideologicamente condanno.",1
27,"Mi chiedo se, quei superiori che intimoriscono, siano stati sempre cos√¨ bravi in tutto? Odio chi non si mette pi√π nei panni di chi √® all'inizo, di chi sta imparando",2
28,"10/15 mila km al mese in furgone per un lavoro logrante e senza la bench√© minima soddisfazione, 1300 euro e 500 di affitto, scuole serali per diplomarmi (sempre in ottica lavorativa).
Una vita totalmente assorbita dagli impegni con una vita sociale inesistente, √® davvero difficile amare una vita del genere‚Ä¶ In pi√π non ho potere decisionale perch√© vengo chiamato a lavoro con un preavviso inferiore alle 24 ore, senza festivi e lavorando tutte le domeniche‚Ä¶. Per il mio capo sono un lavoratore fortunato, perch√© ha come metro di paragone i corrieri [CENSURED]",1
29,"""Almeno hai un lavoro"" e magari stai subendo le angherie del datore di lavoro, non sai se verrai pagato regolarmente, fai straordinari gratis, hai paura di non prendere la tredicesima..ecc.",1
30,"Sono un medico e lavoro in una RSA. Siamo in pochi medici quindi se sto a casa lascio tutto il lavoro sulle spalle dei colleghi. Quindi prendo poche ferie e lavoro anche se sto male e non perch√© sia una libera professionista... Il mio problema con i sensi di colpa non aiuta. 
Quando sono reperibile nei weekend non ho un giorno di pausa, quindi di fatto lavoro 14 giorni di fila. √à vero che la domenica non vado fisicamente, a meno che ci sia un'urgenza, per√≤ stare sempre con il telefono accanto e non sentirmi libera mi stressa. 
Questo periodo di covid ha esasperato il tutto.",1
31,"Entrambi i miei genitori dipendono economicamente dai loro nuovi coniugi, perch√© non riescono a trovare un'occupazione che permetta loro di conciliare lavoro e famiglia, in parte perch√© non hanno i giusti titoli di studio. Questo li fa sentire una parte poco utile e marginale della societ√† e influenza negativamente il loro vivere quotidiano, soprattutto nell'aspetto psicologico. Inoltre si sentono perennemente in una situazione di incertezza sul futuro, perch√©, si sa, √® accumulare un proprio patrimonio che garantisce un avvenire sicuro. Io trovo tutto questo ingiusto e non nascondo che spesso mi trovo ad essere preoccupata all'idea di dover affrontare il mio futuro, sapendo che quasi ogni aspetto della mia vita verr√† condizionato dal mio lavoro e dalle mie capacit√† economiche.",1
32,Odio il mio lavoro cos√¨ tanto che piuttosto di continuare ho deciso di licenziarmi.,2
33,"Ciao! Premetto che ho lavorato la maggior parte della mia vita all'estero e solo due anni in Italia. Premetto anche che sono una persona che ha spesso bisogno di cambiare per cui ho fatto lavori sempre diversi. Ho tre lauree ""inutili"" in letteratura inglese e film e visual media. Non ho mai pensato di essere particolarmente portata a nulla ma riuscivo a fare pi√π o meno tutto. Per persone come me,appassionate di tutto e nulla,il mondo del lavoro,soprattutto in Italia, √® un incubo. Il fatto di aver vissuto,lavorato e studiato in tutto il mondo, al posto di un valore aggiunto diventa una sorta di fardello perch√© ""si  che figo viaggiare ma hai pi√π di 30 anni e ancora non sai che vuoi fare,non hai trovato il tuo posto nel mondo o meglio,non hai trovato il tuo posto nel mondo della produttivit√† per cui che sfigata sei!a sta ora avresti gi√† dovuto blablabla...io so chi sono,e so che sono tagliata fuori. Non mi sono sentita quasi mai a mio agio in nessun mondo del lavoro principalmente perch√© non mi sono mai sentita valorizzata in quanto persona con un bagaglio vario e umano. Ho sempre lavorato per qualcun altro e a quel qualcun altro non fotteva nulla di me. Ero solo una persona in pi√π in una macchina mangia tempo ed energie. Sono povera e jobless ma non ce la faccio a sentirmi nessuno cinque giorni su sette. Ho preferito vivere con nulla e riprendere me stessa. Vedo molto buio davanti ma so che vedrei ancora pi√π buio all interno di questo mondo del lavoro. Grazie del lavoro che fai,ciao!!!",1
34,Grazie perch√© non mi sento pi√π l‚Äôunica..,2
35,"Lavoro all'aeroporto di [CENSURED]. Hostess a terra.Il lavoro √® pesante. La gente sta impazzendo (nostro problema + grande dalla pandemia , √® la sicurezza nostra.. gente che non si informa cosa richiedono i paesi e se la prende con noi), i turni massacranti (il primo sveglia alle 2.30/3 perch√© non pagano le notti intere e la sveglia a quell ora 3/4 volte a settimana  DISUMANA) ma nOn √® neppure considerato lavoro logorante (bidelli si!). Se sei madre (quasi tutte..√® un lavoro 90%femminile) √® un incubo. Fai 3 mattine (alle 3/4 del mattino) 2 sere  alla settimana , riposi a scalare ergo diversi ogni settimana..gia impazzisco io..non trovo babysitter che impazziscano come me per turni e riposi sempre diversi. Li iscrivo a qualcosa, non so se avr√≤ il turno giusto per farli frequentare. Ad ogni vacanza scuola noi abbiamo blocco ferie (no ferie a natale,pasqua e solo 10 giorni da 1/6 al 30/9) stipendio base. Senza notturni √® come impiegata . Soffro i limiti che rovinano la mia vita privata e il logorio fisico!..",1
36,"Lavoro con partita IVA presso un ufficio tecnico come collaboratrice, ma con  l'obbligo di restare 8 ore in ufficio (praticamente condizioni da dipendente senza per√≤ i benefici di essere tale).
Odio dover fissare uno schermo per 8 ore senza (spesso) avere nulla da fare, per uno stipendio abbastanza ridotto, quando potrei essere da tutt'altra parte a coltivare i miei veri interessi.
Odio il fatto che io debba rendermi sempre disponibile in caso di ""urgenze"" (perch√©, a quanto pare, i liberi professionisti devono farlo, indipendente dall'attivit√† che svolgono), anche quando voglio prendermi quelle poche settimane di ferie che mi concedo all'anno.
E alla base di tutto, odio la mentalit√† che mi ha portato a scegliere una scuola che s√¨, mi avrebbe permesso di avere pi√π possibilit√† lavorative, ma che mi ha destinata soltanto ad un lavoro che mi render√† sempre pi√π infelice e mi permetter√† a malapena di mantenermi.",1
37,"Ecco il mio pensiero:
troppe ore della mia vita ‚Äúbuttate‚Äù per arricchire un capo gi√† milionario. Chiedo aumento e ottengo buoni pasto con scusa che perderei il bonus renzi. Buoni pasto non vengono dati in smartworking.",1
38,"Odio il lavoro perch√© sono sempre stata sottopagata. Ho una laurea triennale e sognare un lavoro che si adatti ai miei studi non √® ancora possibile... Aspetta la magistrale per diventare precaria. 2019, ristorante, io e un altro cameriere, io 30‚Ç¨ al giorno, lui 40‚Ç¨ al giorno. Mi spacco il culo, un giorno mi lasciano la mancia. La lasciano in cassa: il proprietario padrone se ne appropria. Vabb√®, ci sono le mance guadagnare durante la stagione, no? Durante la divisione, i due machi (chef e metre) si radunano soli per dividere equamente le mance.. Su tre mesi di mance, io so quanti soldi avevamo guadagnato, e tanti, in busta mi ritrovo 10‚Ç¨. Lo chef, porgendomi la busta, mi dice con sorrido beffardo 'andr√† meglio l'anno prossimo'. Odio lavorare.",1
39,Devo dire che siamo mess…ô bene‚Ä¶ quando cazzo ci uniamo e ribaltiamo tutto?,1
40,"Una riflessione su questo. Spesso a me e ad altre persone √® stato detto: ‚Äúcerca di viverla con pi√π distacco e prendere meno a cuore le cose, o non riesci pi√π a separarti dal tuo lavoro‚Äù. E sicuramente √® vero: perch√© mi devo crucciare per qualcosa al punto da non dormirci la notte se poi tanto la persona che si arricchisce di pi√π dal mio cruccio non sono io? 
Allo stesso tempo per√≤ queste frasi, per quanto dette in buona fede, spostano il focus dall‚Äôambiente all‚Äôindividuo: perch√© devo essere io ad avere meno ansia, e non l‚Äôambiente di lavoro a essere meno deleterio per la mia salute (fisica e mentale)? Ancora una volta la narrazione sottile √®: siete voi a essere troppo fragilini, non l‚Äôambiente di lavoro troppo spietato e disumanizzante.",1
41,"Il non lasciare abbastanza spazio allo svago e alla vita privata, agli affetti, e per affetti sono da intendersi non solo verso partner,figli, ma anche gli animali domestici.",2
42,"Il clich√© del ""lavorare duro"", che dovrebbe essere ormai soppiantato dal lavorare smart, non √® la fatica in s√© che porta a buoni risultati.",2
43,"Non c‚Äô√® spazio per la vita personale: le ferie non si possono prendere fuori dalle chiusure aziendali (agosto), non si ha fiducia nello Smart working, resiste il paradigma pi√π lavori oltre l‚Äôorario pi√π sei bravo e meritevole.",1
44,"Odio il modo in cui con nonchalance hanno sostituito i diritti con ‚Äúfresh snacks, great office and amazing team events‚Äù. Non me ne frega nulla delle mele e della frutta secca in una location super trendy dove devo necessariamente felice insieme ad altri sfruttati come me.
Veramente basta. 
Ho avuto la fortuna di abbandonare la vita d‚Äôufficio ma vivo nel terrore di doverci tornare.
Al momento lavoro da casa e mi tengono per costo troppo poco per sostituirmi. Ma ho l‚Äôansia di dover ricominciare da zero per l‚Äôennesima volta a 37 anni.",1
45,"Io faccio l‚Äôinfermiera, mi piace il mio lavoro ma lo odio se devo farlo come se fossi un‚Äôoperaia di una catena di montaggio.. e in alcuni reparti √® cos√¨, importa solo portare a termine compiti, far firmare carte e non si ha tempo per la relazione terapeutica.. senza parlare di dover lavorare a turni tutta la vita.",1
46,"Ci viene chiesto di essere lavoratori prima che esseri umani, per di pi√π per un lavoro che nella gran parte dei casi √® fonte di instabilit√† e insoddisfazione.",2
47,"Il fatto di non poter decidere del mio tempo es. anche da remoto ho dovuto rispettare gli orari rigidi, non posso cambiare la distribuzione del mio orario giornaliero mantenendo il tempo pieno n√® posso ottenere con certezza un part time e anche in quel caso dovrei scegliere tra uno schema di orari prestabiliti, non posso utilizzare le ferie o i permessi quando mi servono ma solo se il capo √® d'accordo, non chiedo permessi per svagarmi ma solo in caso di necessit√† perch√© i colleghi ti etichettano come fancazzista. Ho avuto difficolt√† a prendere ferie o permessi anche con un genitore anziano malato (sono figlia unica lontanissima da casa).",1
48,Odio il lavoro perch√© purtroppo pochi lavori hanno utilit√† sociale. Il mio non ce l‚Äôha. La maggior parte delle persone lavora per alimentare questo sistema malato di consumismo e per far arricchire il padrone svendendo il proprio tempo.,1
49,"Per ottenere un lavoro dignitosamente pagato devi avere due lauree 3 master e un dottorato, quando ci sei riuscito a [CENSURED] per avere un tenore di vita normale fai fatica ad arrivare a fine mese. Di fatto torni a casa la sera hai quelle 3 ore di tempo libero e sai che la mattina torni di nuovo in quella dimensione parallela che non √® la tua vita.",1
50,"Sono PostDoc all'Universit√†. Probabilmente il fatto che la mia vita lavorativa e di conseguenza personale/affettiva √® completamente in mano a una sola persona. Se il mio capo sbaglia, politicamente nel contesto universitario o scientificamente, io ho finito di lavorare. Con tutti i sacrifici fatti eh, da lavorare sere/weekend sotto costante pressione e riempito di responsabilit√† fino al midollo. Senza parlare del fatto che all'Universit√† non subisce controlli, i laboratori (sono chimico) non rispettano neanche lontanamente gli standard essenziali di sicurezza, e chiss√† di quale malattie si morir√† tra solventi e sostanze chimiche inalate. Sempre che non sia il precariato a ucciderci prima.",1
51,"Ciao! In risposta al tema cosa odi del tuo lavoro:

Odio sentirmi costantemente inadeguata. Sono nuova nel mondo d‚Äôufficio e mi sono da subito dovuta scontrare con lo standard di performance lavorativa che che non posso (n√® mi interessa) raggiungere perch√® ho da sempre problemi di attenzione e ho bisogno di tempo per svolgere i miei task.  Per quanto il mio team sembri da fuori accomodante, in realt√† ho presto scoperto che gli errori non sono ammessi e vengo subito ripresa per ogni virgola fuori posto. Mi sento costantemente addosso l‚Äôansia di fare qualsiasi cosa e dover provare che non sono errori di superficialit√† (sto attaccata allo schermo tutto il giorno). Odio dunque arrivare a fine giornata morta e sempre con l‚Äôansia, sognare di notte email e non avere tempo per godermi altri aspetti della mia vita che vorrei non solo coltivare ma prioritizzare come banalmente i mie affetti e il mio benessere. Da quando lavoro full time mi rendo conto di essere molto pi√π impaurita,
perch√®  visto che non so come conquistare la fiducia dei miei colleghi per i miei ripetuti errori, nonostante tutti i miei sforzi, mi faccio piccola con tutti anche fuori da lavoro. Grazie per la ricerca che stai facendo, ci tocca tutt* tantissimo!",1
52,"Credo sia una peculiarit√† italiana e in vento una piaga. Se non muori di fatica o se pretendi un giusto compenso, sei uno che non vuole lavorare. Una giovent√π scansafatiche che non vuole fare la gavetta. Blah schifo",1
53,"Buonasera, sono architetta libera professionista, esercito in provincia di [CENSURED] e ritengo di trovarmi in una condizione privilegiata, gestisco i miei lavori e sta andando bene ma ultimamente le responsabilit√† sono aumentate esponenzialmente per via delle nuove normative tipo superbonus ecc. Siamo costretti ad accettare questi incarichi perch√© ultimamente gira tutto intorno a questo anche per effetto della comunicazione semplicistica data dai mezzi di informazione che spingono le persone a pensare che possa essere tutto gratuito. Lavoro per una fascia di popolazione economicamente medio bassa per cui l'aspetto economico √® di primaria importanza. Mi trovo ad odiare il mio lavoro perch√© non dormo pi√π, sono sempre con la mente sul lavoro, o meglio sui problemi legati al lavoro. Non mi viene pi√π richiesto di fare ""solo"" l'architetta, di saper costruire, ma anche di saper comunicare con i clienti in modo adeguato proprio per non deludere le loro aspettative, Di saper maneggiare le normative fiscali, Di saper mettere insieme oscillazioni del mercato, forniture e disponibilit√† dei prodotti, rispetto dei budget. Tutto questo mi causa uno stress che mi porta a sentirmi inerme, a non comprendere pi√π dove finisca la mia responsabilit√† e finisca quella degli altri. Non riesco ad aggiornarmi adeguatamente e non mi sento pi√π di agire professionalmente. Sto perdendo la creativit√†, le vere ragioni per cui ho fortunatamente potuto scegliere questo lavoro stanno venendo meno. Se mi guardo intorno per√≤ non credo di poter trovare molto di meglio. Il mio lavoro comunque non mi consente di pensare al futuro a lungo termine. Grazie per tutto quello che fa e per quello che scrive, trovo che sia sempre molto condivisibile e, comunque la si pensi, molto ben argomentato e spiegato. Buona serata, [CENSURED] (33 anni, [CENSURED) 
Mi scuso per l'italiano sgrammaticato ma sono molto stanca e per me scrivere di getto √® complicato, dovrei ricontrollare mille volte e sui social mi riesce difficile.Ah, ecco, sono anche sempre molto stanca per via del lavoro. Sono seguita da una psicologa e a breve da uno psichiatra, altrimenti non ce la potrei fare. Vivo crisi di panico e mi sento in colpa a svolgere attivit√† diverse dal lavoro, il tempo libero sta diventando tempo tolto al lavoro. E io non ho orari, posso autogestirmi. Quindi la tentazione di lavorare sempre √® grande anche se so che fisicamente non posso reggere.",1
54,"Buonasera, ti seguo con molto interesse ma ogni tanto sono combattuta sui temi che affronti. Questo perch√© vedo i due lati della medaglia: io lavoro da dipendente e i miei genitori proprietari di una piccola impresa. Io che ho subito mobbing e molte altre ingiustizie, loro che fanno da sempre mille sacrifici e subiscono tassazione e regole a volte folli. In modo diversi, siamo vittime di un sistema sbagliato. Io non odio il mio lavoro in s√©, forse sar√≤ ""assuefatta"" ma in condizioni ideali mi piace pure. Quello che odio sono le ingiustizie che ho subito per arrivare qui: lavorare gratis, subire minacce, insulti, vivere nell'ansia totale, sviluppare una malattia da stress. Mi fu pure chiesto di rinunciare ai miei hobby perch√© poi ""mi stancavo"" e non ero efficiente. √â chiaro che odio tutto questo, ed √© facile intuire il mio pensiero politico/ideologico.
Tuttavia poi vedo i miei genitori, persone oneste e gran lavoratori, che s√≠, hanno condizioni economiche migliori di un dipendente, ma rinunciano a molte pi√π cose in termini di tempo, libert√†, passioni e spesso non dormono per le responsabilit√†. √â vero che siamo in provincia e lontani dal concetto di ""manager con il macchinone"", ma l'Italia √© fatta di tante piccole realt√† come questa. E quindi mi √© un po' pi√π difficile schierarmi in modo netto. La differenza la fanno le persone. E da ci√≤ che ho vissuto, pi√π sono anziane, poco istruite, tendenzialmente mai uscite dal loro piccolo mondo...pi√π si comportano male con i dipendenti. Spero in un ricambio generazionale che sia la svolta. Illusione?",1
55,"Essere cresciuta in un contesto (generazione millenial) in cui se lavori a condizioni pessime devi solo ringraziare per l'opportunit√† data. L'accettare questa dinamica da molte persone ha portato a una situazione da cui √® difficile svincolarsi. L'unica strada, per me, √® non accettare, a costo di rischiare (di trovare di meglio).",1
56,"Cazzo pure questa. ho calcolato che il lavoro che faccio prevede minimo 75 h di straordinario implicito l'anno in presenza e altrettante da casa. sono solo 20 minuti al giorno, ma a fine anno pesano come il macigno di sghei che non arrivano nelle mie tasche. e non lavoro con premi di produzione.",1
57,"Ho appena dato le mie dimissioni con decorrenza 31/12 da un luogo in cui lavoravo come impiegato da 9 anni (ne compir√≤ 31 a febbraio) per mettermi in gioco con un contratto da stagista in un‚Äôaltra azienda. 
Perch√© questo? Non riuscivo pi√π a stare tutto il giorno e tutti i giorni affianco al titolare padre-padrone, il quale approfittava col sorriso della mia totale disponibilit√† per fare il segretario personale suo, della moglie, dei figli fancazzisti e pure della cognata. Oltre alle mille responsabilit√† che derivavano dalle mie mansioni ufficiali.

Basta, voglio imparare a fare altro, capire chi posso essere veramente in questo mondo e sti gran cazzi del tempo indeterminato.",1
58,"Caspita √® difficile ordinare i pensieri üòÖ allora
1) il fatto di concentrarsi su una sola specializzazione nella vita.. Sono ingegnera ma amo mille altre materie pi√π umanistiche, ogni 6 mesi cambio hobby, e mi rendo conto che soffro per questa dicotomia
2)tutto ci√≤ che mi perdo nel frattempo.. Il non poter dire ok ora mollo tutto per 2 mesi, perch√© voglio andare a vedere un posto nel mondo, oppure perch√© voglio passarlo coi miei che non vedo quasi mai.. E il fatto che non potr√≤ mai farlo, perch√© per il resto della vita avr√≤ solo 20 giorni di ferie l'anno, mi angoscia terribilmente
3) l'ansia di non riuscire a portare a termine tutti gli impegni, ansia che mi porto dietro anche di notte e nel weekend
4) le persone competitive e poco comprensive o inclusive sul posto di lavoro
Oddio ti confesso che dopo aver letto le risposte delle altre persone mi sento in colpa per ci√≤ che ho scritto, per essermi lamentata di ci√≤ che ho..
Ho un lavoro (in Belgio) in cui nessuno mi stressa, c'√® tanto rispetto ed ho uno stipendio che mi permette di mettere anche da parte..
Stavo per cancellare il mio messaggio precedente, ma penso sia pi√π onesto lasciarlo..",1
59,"Io in merito al tema ""cosa odi del tuo lavoro"" mi sento di dire solo che trovo in qualche modo positivo che tutte queste persone abbiano avuto lo spazio e la criticit√† di pensiero che gli permettono di accettare che il lavoro non gli piace.
Molto pi√π spesso si vedono persone che si annichiloscono e non ammettono che nel lavoro che fanno ci sia qualcosa che non va.
Questo perch√© chi lavora viene spesso associato a ci√≤ che professionalmente √®, e non si pu√≤ essere professionalmente insoddisfatt* senza essere emarginalizzat* o compatit*
Sono una psicologa del lavoro e penso che la dissonanza emotiva sia un grosso problema del mondo del lavoro soprattutto italiano, che ha ripercussioni anche sulla vita extralavorativa di chi la sperimenta.",1
60,"Ciao Alessandro, in primis complimenti per il tuo lavoro e per i contenuti che proponi, trovo tutto estremamente interessante e uno stimolo per riflettere.
Ti riporto di seguito ci√≤ che sto sperimentando attualmente dal punto di vista lavorativo üôÇ
Ho 32 anni,una laurea in turismo e 6 anni di lavoro alle spalle in un tour operator. Avevo un ottimo contratto (tempo indeterminato), e uno stipendio dignitoso. Ho deciso di lasciare e dare dimissioni volontarie senza neanche avere un piano B o un'altra situazione lavorativa assicurata perch√© mi stavo ammalando. Vittima di mobbing per anni,da parte di boss e colleghe, di lavoro straordinario notturno (lavoravo in remoto da PC 5 giorni a settimana da casa di notte,festivi e domeniche compresi)non riconosciuto e di conseguenza non pagato. Quando ho deciso di non offrire pi√π questa prestazione lavorativa NON RICONOSCIUTA sono iniziati i dispetti.
Ho tirato avanti due anni rischiando un esaurimento nervoso e un crollo psicologico (in tutto ci√≤ ho subito un'operazione chirurgica per rimuovere endometriosi e una volta rientrata a lavoro mi √® stato detto: ti sei fatta tre settimane di vacanza). Sono scappata da quel posto e dopo una serie infinita di lavoretti e una pandemia che ha ucciso letteralmente il turismo in Italia e con esso la speranza di trovare lavoro nel settore da due mesi ho iniziato a lavorare come segretaria in un sindacato.  √à un lavoro che non mi piace,ma adesso √® tutto quello che sono riuscita a trovare...lavoro davanti a un computer 40 ore a settimana,un classico full time,sulla carta ho una pausa pranzo di mezz'ora ma spesso la pausa non c'√® e si mangia un tramezzino continuando a lavorare davanti al PC...
La cosa che odio di pi√π poi √® che vista la situazione dovrei ritenermi anche fortunata,la gente mi dice: tieniti stretto il lavoro. Come se la nostra generazione sia costretta ad accettare tutto,perch√© tanto di meglio non si trova....finch√© ci sar√† questa logica purtroppo le cose andranno avanti cos√¨.",1
61,"Lavoro in Svizzera, non ci sono tutele per il lavoratore ma se ti lamenti vieni insultato perch√© guadagni pi√π di un lavoratore italiano. L'ambiente √® tossico e precario, te lo ricordano tutti i giorni che possono licenziarti il giorno dopo senza preavviso e infatti, cos√¨ hanno fatto per molti colleghi. Ho vissuto in prima persona mobbing, bossing e molestie. Se non fosse per i soldi, non farei quel lavoro e non starei in quell'azienda. Ho paura a pubblicare i tuoi post per ripercussioni.
Grazie per quello che scrivi e per quello che hai pubblicato, mi sono sentita meno sola <3",1
62,"Non riconoscimento dei miei studi e impegno, nessuna organizzazione che causa stress per le cose troppe da fare, pretesa di sentirsi parte di una famiglia quando se entri un minuto dopo devi chiedere mezz‚Äôora di permesso, paga che non ti permette di vivere da solo, clima da dittatura.. e potrei continuare. Come conseguenza prima del covid uscivo dall‚Äôufficio e piangevo tutti i giorni üòÖ e sono contenta che la pandemia a portato a non lavorare. Tutt‚Äôora sono quasi sempre in cassa integrazione, ma sono contenta perch√© non devo lavorare. (Ovviamente vivo ancora con mio padre, perch√© anche senza cassa non potrei permettermi un qualcosa a [CENSURED], citt√† dove sono nata). 

Non sapevo che cavolo fare, perch√© anche cambiando azienda magari poteva essere meno stressante, ma non vedevo futuro. 
Mi sto per trasferire in Croazia, abbandonando, almeno per ora, il mio ambito (ho una laurea magistrale) ma con la speranza di avere una qualit√† di vita migliore, e gi√† per il fatto che potr√≤ pagarmi l‚Äôaffitto in un appartamento lo sar√†.",1
63,"Ciao Alessandro, ti rispondiamo qui.
Odiamo il nostro lavoro:

- perch√© spesso non viene considerato un vero lavoro ma solo un hobby. Non sai quanta gente ci dice ""Ah, fate teatro? E di lavoro vero cosa fate? Ma ci campate?"" √à triste che il lavoro dello spettacolo non sia ancora considerato un vero lavoro nel sentire comune.

- perch√© pur pagando altissimi contributi e tasse non abbiamo diritto a disoccupazione n√© ferie n√© malattia. Sarebbe anche ora che le partite Iva potessero avere le stesse tutele dei lavoratori dipendenti. 

- perch√© tantissimi vogliono fare teatro di mestiere e pochissimi ci riescono. Ed essendo tra quei pochi ci sentiamo in colpa quando diciamo di no a un'offerta di lavoro perch√© economicamente inappropriata o non in linea con il nostro percorso. Ci sentiamo ""choosy"" e ingrati, sapendo che tanti colleghi faticano a lavorare. Ma anche questo non va bene, perch√© SI PU√í E SI DEVE dire di no in certi casi. Ma sarebbe bello poterlo dire senza sensi di colpa.
Grazie per quello che fai, √® prezioso e importante ‚ù§",1
64,"Il fatto che la gente pensi che ""il lavoro nobilita chi ce l'ha"".",2
65,Se fossimo tutti davvero coscienti dei nostri diritti come lavoratori dovremmo agire in quel senso e farci valere se non vengono rispettati orari o salari adeguati ecc. ma questo non avviene perch√© si ha paura di ripercussioni. Prima esperienza lavorativa mi ha portata a dover contattare un avvocato per mancato pagamento del tfr. Questo mi ha causato forte stress e ansia che ha creato sfiducia in un mondo del lavoro svilente ed alienante.,1
66,"Condivido. Sarebbe da approfondire questo punto. Quando viene fatto passare il team lavorativo come ‚Äúfamiglia‚Äù e si fa leva sui sensi d√¨ colpa quando ci si sottrae a richieste extra (non retribuiti magari, o con orari impensabili), passando per quell* che non aiuta la propria famiglia.",1
67,"Odio il concetto ""tu fallo, che ti costa, e ti prendi lo stipendio"", davanti ai capricci e alle sciocchezze del capo, spesso anche controproducenti per l'azienda. Non mi piace lavorare per qualcuno e non a qualcosa.",1
68,"Ciao! Rispondo alla tua domanda sull' 'odio' del proprio lavoro. Io sono dottoranda e rispondo che la cosa che meno apprezzo del mio settore √® che si sta, anche lui, piegando alle regole del guadagno, del monetizzare qualsiasi cosa, della concorrenza fra persone. Come diceva Ferguson, 'l'amour du gain √©touffe l'amour de la perfection', il desiderio del guadagno soffoca l'amore per la perfezione, ed √® quello che sto vedendo succedere sotto ai miei occhi. Anche ne mondo dell'Universit√†, e in particolare nelle materie umanistiche, che dovrebbero essere improntate ad altri valori, si vira verso la logica dell'impresa, la concorrenza spietata, il fare meglio e pi√π in fretta, a volte a prescindere dai risultati. Spero possa interessarti, buona serata!",1
69,"Il mio responsabile, con cui condivido l'ufficio, √® una persona molto pesante, pessimista e negativa. Mi butta gi√π di continuo. √à ansioso e se la prende con me, dice che √® grazie a me che riesce a fare le.cose.ma i miei meriti rimangono ""segreti"" agli altri. Inoltre spesso mi urla contro (pur dicendo che non ce l ha con me e senza di me non sa come fare) e.mi chiama anche in orari extra lavorativi (io oltre a lavoro faccio un phd, senza borsa.ovviamente ü§¶üèª‚Äç‚ôÄÔ∏è). Demoralizzante, mi toglie le forze.. forze che vorrei dedicare al dottorato.",1
70,"Mi svuota e mi aliena e mi annichilisce, togliendomi ogni tipo di energia fisica, emotiva e mentale per vivere il resto della mia vita. Ho fatto il mio ingresso nel lavoro da un anno, con un contratto di stage da 30 ore settimana ma finisco a farne puntualmente 45. La cosa pi√π brutta √® sentirsi dire dai propri colleghi ""non stare fino a tardi in ufficio"", anche se poi la ragione per cui mi trattengo √® data al fatto che mi senta in dovere di reggere il loro ritmo di lavoro. Il risultato? Ho perso ogni stimolo, sono apatico verso tutto e tutti e mi sembra da un giorno all'altro altro di finire in burn out. Se lavorare significa questo, √® proprio una merda.",1
71,Se sei donna devi dimostrare 1000 volte di + di un uomo le tue competenze,2
72,Se si critica l'attuale sistema del lavoro si viene subito additati come pigri o parassiti,2
73,"Mi muove il denaro e la necessit√†, non ne provo gratificazione",2
74,Siamo trattati come numeri e sottopagati,2
75,Perch√® mi lascia poco tempo libero,2
76,"Ignoranza su organizzazione del lavoro e gestione team, solo core business. Sistemi aziendali con focus su problemi interpersonali e non su soluzioni x migliorare...",2
77,Ma nca la comunicazione al vertice e a cascata su tutti i dipendenti,2
78,La realizzazione personale pare debba passare per forza per quella professionale,2
79,La falsit√† e il dover recitare una parte,2
80,"Orari rigidi, troppe ore in ufficio, giornate sempre uguali che si confondono.",2
81,La flassibilit√†. Che annulla la concezione di avere una vita propria oltre l'orario di lavoro.,2
82,Sono un tassello del processo di arricchimento dei padroni,2
83,Devo sedermi su una sedia per 8 ore a fissare il PC e avere dolori alla schiena e alla testa.,2
84,Chiedono sempre di fare di pi√π e c'√® un clima di paura verso i superiori.,2
85,√® obbligatorio,2
86,Non valorizza e tratta i giovani come numeri/schiavi,2
87,C'√® una perpetua gara a dimostrare di fare meglio e di pi√π,2
88,L'annichilimento della persona in esso,2
89,Perch√® sto mettendo in pericolo la mia vista e mi sento condannata a fare un'eterna gara.,2
90,"Mancanza di procedure, regole, confini e responsabilit√† chiare.",2
91,Sto chiusa in ufficio 9 ore al giorno.,2
92,Non mi lascia tempo per coltivare tutto quello che amo veramente,2
93,"La perfomativit√†, dover dimostrare costantemente di avere un valore.",2
94,"Cambiare lavoro? al momento impossibile, anche gli altri colleghi hanno gli stessi problemi. Spesso il lavoro √® contro la mia etica e il compromesso difficilmente risolve la situazione.",2
95,Il mezzo confuso con il fine: il profitto,2
96,√® un tab√π dire che √® solo un mezzo. Bisogna dimostrarsi sempre grati e ambiziosi.,2